COUNTRIES,1980,1981,1982,1983,1984,1985,1986,1987,1988,1989,1990,1991,1992,1993,1994,1995,1996,1997,1998,1999,2000,2001,2002,2003,2004,2005,2006,2007,2008
Bermuda,0.01,0.01,0.01,0.01,0.01,0.01,0.01,0.01,0.01,0.01,0.01,0.01,0.01,0.01,0.01,0.01,0.01,0.01,0.01,0.01,0.01,0.01,0.01,0.01,0.01,0.01,0.01,0.01,0.01
Canada,9.69,9.59,9.21,9.19,9.79,10.15,10.26,10.59,11.06,11.20,10.98,11.12,11.47,11.71,12.02,12.21,12.56,12.67,12.36,12.98,13.08,12.88,13.11,13.52,13.83,14.16,13.82,14.07,14.03
Greenland,0.01,0.01,0.01,0.01,0.01,0.01,0.00,0.00,0.01,0.01,0.01,0.01,0.01,0.01,0.01,0.01,0.01,0.01,0.01,0.01,0.01,0.01,0.01,0.01,0.01,0.01,0.01,0.01,0.01
Mexico,3.73,4.12,4.33,4.06,4.18,4.42,4.36,4.51,4.59,4.84,4.71,5.01,5.11,5.18,5.38,5.29,5.52,5.68,5.99,6.10,6.38,6.33,6.33,6.51,6.49,6.80,7.36,7.28,7.31
Saint Pierre and Miquelon,0.00,0.00,0.00,0.00,0.00,0.00,0.00,0.00,0.00,0.00,0.00,0.00,0.00,0.00,0.00,0.00,0.00,0.00,0.00,0.00,0.00,0.00,0.00,0.00,0.00,0.00,0.00,0.00,0.00
United States,78.12,76.17,73.15,73.04,77.03,76.79,77.02,79.44,83.08,85.17,84.91,84.89,86.25,87.90,89.56,91.46,94.48,95.04,95.42,97.11,99.25,96.53,98.04,98.31,100.50,100.61,99.91,101.68,99.53
Antarctica,0.00,0.00,0.00,0.00,0.00,0.00,0.00,0.00,0.00,0.00,0.00,0.00,0.00,0.00,0.00,0.00,0.00,0.00,0.00,0.00,0.00,0.00,0.00,0.00,0.00,0.00,0.00,0.00,0.00
Antigua and Barbuda,0.01,0.01,0.01,0.00,0.00,0.00,0.00,0.01,0.01,0.01,0.01,0.01,0.01,0.01,0.01,0.01,0.01,0.01,0.01,0.01,0.01,0.01,0.01,0.01,0.01,0.01,0.01,0.01,0.01
Argentina,1.64,1.60,1.67,1.69,1.84,1.74,1.90,1.95,1.96,1.94,1.87,1.97,2.05,1.97,2.24,2.31,2.39,2.46,2.58,2.60,2.67,2.61,2.48,2.67,2.78,2.95,3.12,3.26,3.29
Aruba,0.00,0.00,0.00,0.00,0.00,0.00,0.00,0.00,0.01,0.01,0.01,0.01,0.01,0.01,0.01,0.01,0.01,0.01,0.01,0.01,0.01,0.01,0.01,0.01,0.01,0.01,0.02,0.01,0.01
"Bahamas, The",0.06,0.06,0.05,0.04,0.04,0.03,0.03,0.04,0.03,0.04,0.04,0.04,0.03,0.03,0.04,0.04,0.05,0.05,0.05,0.05,0.05,0.05,0.05,0.06,0.06,0.07,0.07,0.06,0.07
Barbados,0.01,0.02,0.02,0.02,0.02,0.02,0.02,0.02,0.02,0.02,0.02,0.02,0.02,0.02,0.02,0.02,0.02,0.02,0.02,0.02,0.02,0.02,0.02,0.02,0.02,0.02,0.02,0.02,0.02
Belize,0.00,0.00,0.00,0.00,0.00,0.00,0.00,0.00,0.00,0.00,0.00,0.01,0.00,0.00,0.00,0.01,0.00,0.01,0.01,0.01,0.01,0.01,0.01,0.01,0.01,0.01,0.02,0.02,0.02
Bolivia,0.07,0.08,0.07,0.08,0.07,0.07,0.07,0.07,0.08,0.09,0.09,0.09,0.10,0.08,0.11,0.12,0.12,0.14,0.13,0.14,0.16,0.15,0.16,0.20,0.20,0.20,0.23,0.23,0.25
Brazil,4.02,3.88,3.94,3.94,4.31,4.59,4.97,5.11,5.29,5.45,5.75,5.99,6.08,5.00,6.62,7.02,7.45,7.85,8.11,8.25,8.53,8.44,8.55,8.66,9.00,9.35,9.69,10.10,10.63
Cayman Islands,0.00,0.00,0.00,0.00,0.00,0.00,0.00,0.00,0.00,0.00,0.00,0.00,0.00,0.00,0.00,0.00,0.00,0.00,0.00,0.00,0.00,0.00,0.00,0.01,0.01,0.01,0.01,0.01,0.01
Chile,0.43,0.42,0.37,0.38,0.39,0.40,0.39,0.41,0.45,0.51,0.56,0.56,0.61,0.61,0.69,0.77,0.84,0.95,0.93,0.99,1.02,1.06,1.07,1.14,1.20,1.29,1.31,1.08,1.22
Colombia,0.70,0.72,0.77,0.78,0.85,0.86,0.90,0.82,0.92,0.95,0.89,0.97,0.98,1.00,1.10,1.09,1.19,1.23,1.24,1.18,1.17,1.16,1.16,1.20,1.22,1.27,1.29,1.33,1.37
Costa Rica,0.06,0.06,0.06,0.06,0.06,0.06,0.06,0.06,0.07,0.08,0.07,0.08,0.09,0.09,0.10,0.11,0.11,0.12,0.13,0.14,0.15,0.15,0.16,0.17,0.17,0.17,0.19,0.20,0.20
Cuba,0.46,0.46,0.50,0.46,0.48,0.48,0.50,0.49,0.50,0.51,0.50,0.46,0.41,0.37,0.41,0.42,0.43,0.47,0.45,0.45,0.46,0.46,0.47,0.46,0.45,0.40,0.36,0.37,0.42
Dominica,0.00,0.00,0.00,0.00,0.00,0.00,0.00,0.00,0.00,0.00,0.00,0.00,0.00,0.00,0.00,0.00,0.00,0.00,0.00,0.00,0.00,0.00,0.00,0.00,0.00,0.00,0.00,0.00,0.00
Dominican Republic,0.09,0.09,0.09,0.11,0.09,0.11,0.11,0.13,0.13,0.13,0.14,0.14,0.15,0.13,0.15,0.16,0.17,0.18,0.19,0.22,0.23,0.24,0.25,0.29,0.27,0.27,0.28,0.29,0.30
Ecuador,0.19,0.19,0.21,0.20,0.21,0.22,0.24,0.23,0.24,0.24,0.25,0.27,0.30,0.25,0.31,0.31,0.33,0.34,0.35,0.34,0.34,0.36,0.37,0.38,0.39,0.41,0.44,0.47,0.50
El Salvador,0.05,0.05,0.04,0.05,0.05,0.05,0.05,0.05,0.06,0.06,0.06,0.06,0.06,0.06,0.07,0.09,0.09,0.09,0.10,0.11,0.11,0.11,0.11,0.12,0.12,0.13,0.13,0.14,0.14
Falkland Islands (Islas Malvinas),0.00,0.00,0.00,0.00,0.00,0.00,0.00,0.00,0.00,0.00,0.00,0.00,0.00,0.00,0.00,0.00,0.00,0.00,0.00,0.00,0.00,0.00,0.00,0.00,0.00,0.00,0.00,0.00,0.00
French Guiana,0.01,0.00,0.01,0.01,0.00,0.00,0.01,0.01,0.01,0.01,0.01,0.01,0.01,0.01,0.01,0.01,0.01,0.01,0.01,0.01,0.01,0.01,0.01,0.01,0.01,0.01,0.01,0.01,0.01
Grenada,0.00,0.00,0.00,0.00,0.00,0.00,0.00,0.00,0.00,0.00,0.00,0.00,0.00,0.00,0.00,0.00,0.00,0.00,0.00,0.00,0.00,0.00,0.00,0.00,0.00,0.00,0.00,0.00,0.00
Guadeloupe,0.01,0.01,0.01,0.01,0.01,0.01,0.01,0.02,0.02,0.02,0.02,0.02,0.02,0.02,0.02,0.02,0.02,0.02,0.02,0.02,0.03,0.03,0.03,0.03,0.03,0.03,0.03,0.03,0.03
Guatemala,0.07,0.06,0.06,0.06,0.05,0.06,0.07,0.07,0.07,0.07,0.08,0.08,0.09,0.08,0.10,0.11,0.12,0.13,0.14,0.15,0.16,0.17,0.17,0.17,0.18,0.20,0.21,0.21,0.21
Guyana,0.02,0.02,0.02,0.02,0.02,0.02,0.02,0.01,0.01,0.01,0.01,0.01,0.01,0.02,0.02,0.01,0.01,0.02,0.02,0.02,0.02,0.02,0.02,0.02,0.02,0.02,0.02,0.02,0.02
Haiti,0.02,0.01,0.01,0.01,0.01,0.01,0.01,0.02,0.02,0.02,0.01,0.01,0.02,0.01,0.01,0.02,0.02,0.02,0.02,0.02,0.02,0.03,0.03,0.03,0.03,0.03,0.03,0.03,0.03
Honduras,0.03,0.03,0.03,0.03,0.03,0.03,0.04,0.04,0.05,0.05,0.06,0.06,0.06,0.06,0.06,0.06,0.07,0.07,0.08,0.09,0.09,0.09,0.10,0.10,0.11,0.12,0.13,0.14,0.13
Jamaica,0.12,0.10,0.09,0.09,0.08,0.07,0.07,0.07,0.08,0.10,0.10,0.11,0.12,0.11,0.12,0.13,0.14,0.15,0.15,0.15,0.15,0.15,0.15,0.16,0.16,0.15,0.17,0.18,0.17
Martinique,0.01,0.01,0.01,0.01,0.01,0.01,0.01,0.01,0.01,0.02,0.02,0.02,0.02,0.03,0.03,0.03,0.03,0.03,0.03,0.03,0.03,0.03,0.03,0.03,0.03,0.03,0.03,0.03,0.03
Montserrat,0.00,0.00,0.00,0.00,0.00,0.00,0.00,0.00,0.00,0.00,0.00,0.00,0.00,0.00,0.00,0.00,0.00,0.00,0.00,0.00,0.00,0.00,0.00,0.00,0.00,0.00,0.00,0.00,0.00
Netherlands Antilles,0.24,0.22,0.21,0.20,0.19,0.16,0.15,0.15,0.14,0.15,0.15,0.14,0.14,0.11,0.14,0.15,0.15,0.16,0.16,0.16,0.16,0.16,0.15,0.14,0.15,0.15,0.16,0.17,0.16
Nicaragua,0.03,0.03,0.03,0.03,0.03,0.04,0.04,0.04,0.04,0.04,0.04,0.04,0.04,0.04,0.05,0.05,0.05,0.05,0.05,0.06,0.06,0.06,0.06,0.06,0.07,0.07,0.07,0.08,0.08
Panama,0.18,0.19,0.18,0.18,0.18,0.17,0.17,0.18,0.18,0.17,0.18,0.18,0.18,0.18,0.20,0.22,0.19,0.20,0.21,0.20,0.21,0.20,0.20,0.20,0.23,0.22,0.23,0.23,0.24
Paraguay,0.03,0.03,0.03,0.03,0.03,0.06,0.11,0.17,0.17,0.22,0.23,0.24,0.23,0.26,0.30,0.35,0.36,0.40,0.41,0.42,0.43,0.38,0.39,0.42,0.42,0.41,0.43,0.43,0.44
Peru,0.40,0.43,0.43,0.40,0.41,0.42,0.45,0.46,0.45,0.41,0.38,0.38,0.38,0.40,0.45,0.47,0.50,0.49,0.50,0.51,0.53,0.54,0.55,0.56,0.57,0.60,0.66,0.66,0.69
Puerto Rico,0.43,0.45,0.33,0.32,0.36,0.31,0.34,0.35,0.32,0.31,0.30,0.37,0.33,0.31,0.36,0.36,0.37,0.38,0.39,0.40,0.44,0.48,0.48,0.52,0.53,0.51,0.51,0.43,0.39
Saint Kitts and Nevis,0.00,0.00,0.00,0.00,0.00,0.00,0.00,0.00,0.00,0.00,0.00,0.00,0.00,0.00,0.00,0.00,0.00,0.00,0.00,0.00,0.00,0.00,0.00,0.00,0.00,0.00,0.00,0.00,0.00
Saint Lucia,0.00,0.00,0.00,0.00,0.00,0.00,0.00,0.00,0.00,0.00,0.00,0.00,0.00,0.00,0.00,0.00,0.00,0.00,0.00,0.00,0.00,0.00,0.01,0.01,0.01,0.01,0.01,0.01,0.01
Saint Vincent/Grenadines,0.00,0.00,0.00,0.00,0.00,0.00,0.00,0.00,0.00,0.00,0.00,0.00,0.00,0.00,0.00,0.00,0.00,0.00,0.00,0.00,0.00,0.00,0.00,0.00,0.00,0.00,0.00,0.00,0.00
Suriname,0.04,0.04,0.03,0.02,0.02,0.03,0.03,0.02,0.02,0.03,0.03,0.04,0.03,0.03,0.04,0.03,0.03,0.03,0.03,0.03,0.03,0.03,0.03,0.03,0.03,0.03,0.04,0.04,0.04
Trinidad and Tobago,0.17,0.17,0.17,0.18,0.25,0.27,0.21,0.19,0.20,0.21,0.23,0.25,0.25,0.26,0.31,0.33,0.36,0.39,0.39,0.40,0.42,0.47,0.50,0.54,0.59,0.67,0.82,0.82,0.89
Turks and Caicos Islands,0.00,0.00,0.00,0.00,0.00,0.00,0.00,0.00,0.00,0.00,0.00,0.00,0.00,0.00,0.00,0.00,0.00,0.00,0.00,0.00,0.00,0.00,0.00,0.00,0.00,0.00,0.00,0.00,0.00
Uruguay,0.11,0.10,0.10,0.12,0.12,0.11,0.11,0.12,0.12,0.11,0.13,0.12,0.14,0.13,0.14,0.12,0.13,0.14,0.18,0.16,0.16,0.16,0.17,0.16,0.14,0.16,0.15,0.18,0.17
Venezuela,1.59,1.72,1.75,1.68,1.71,1.74,1.89,1.92,1.94,2.06,2.09,2.21,2.22,2.07,2.44,2.47,2.58,2.66,2.85,2.73,2.77,3.03,2.93,2.72,2.93,2.89,3.17,3.07,3.19
"Virgin Islands,  U.S.",0.25,0.22,0.16,0.11,0.13,0.15,0.10,0.12,0.08,0.13,0.12,0.12,0.12,0.09,0.12,0.12,0.12,0.12,0.13,0.13,0.14,0.19,0.19,0.22,0.23,0.23,0.24,0.22,0.36
"Virgin Islands, British",0.00,0.00,0.00,0.00,0.00,0.00,0.00,0.00,0.00,0.00,0.00,0.00,0.00,0.00,0.00,0.00,0.00,0.00,0.00,0.00,0.00,0.00,0.00,0.00,0.00,0.00,0.00,0.00,0.00
Albania,0.15,0.15,0.15,0.16,0.16,0.16,0.16,0.16,0.16,0.15,0.11,0.09,0.08,0.06,0.07,0.08,0.08,0.08,0.08,0.09,0.10,0.09,0.10,0.11,0.12,0.12,0.12,0.10,0.11
Austria,1.10,1.09,1.03,1.04,1.07,1.09,1.08,1.03,1.11,1.13,1.16,1.22,1.20,1.24,1.23,1.29,1.34,1.35,1.38,1.38,1.39,1.45,1.46,1.48,1.51,1.56,1.53,1.52,1.52
Belgium,2.06,2.05,1.94,1.84,1.91,2.00,2.07,2.10,2.09,2.15,2.19,2.27,2.24,2.24,2.38,2.44,2.59,2.65,2.70,2.65,2.73,2.70,2.68,2.78,2.81,2.78,2.75,2.75,2.91
Bosnia and Herzegovina,0.00,0.00,0.00,0.00,0.00,0.00,0.00,0.00,0.00,0.00,0.00,0.00,0.26,0.19,0.10,0.18,0.11,0.16,0.19,0.19,0.22,0.23,0.23,0.23,0.25,0.27,0.28,0.27,0.30
Bulgaria,1.32,1.31,1.36,1.38,1.39,1.43,1.41,1.41,1.41,1.32,1.18,0.91,0.90,0.81,0.84,0.92,0.95,0.92,0.85,0.77,0.87,0.90,0.87,0.89,0.87,0.91,0.94,0.84,0.83
Croatia,0.00,0.00,0.00,0.00,0.00,0.00,0.00,0.00,0.00,0.00,0.00,0.00,0.31,0.30,0.34,0.34,0.35,0.35,0.37,0.37,0.38,0.38,0.37,0.39,0.41,0.40,0.42,0.40,0.41
Cyprus,0.04,0.04,0.04,0.04,0.04,0.05,0.05,0.05,0.05,0.07,0.07,0.07,0.08,0.07,0.09,0.09,0.09,0.09,0.10,0.11,0.10,0.11,0.11,0.11,0.12,0.12,0.13,0.13,0.13
Czech Republic,0.00,0.00,0.00,0.00,0.00,0.00,0.00,0.00,0.00,0.00,0.00,0.00,0.00,1.60,1.54,1.56,1.65,1.46,1.42,1.33,1.40,1.44,1.44,1.51,1.50,1.54,1.59,1.63,1.61
Denmark,0.86,0.75,0.74,0.70,0.72,0.81,0.82,0.83,0.81,0.75,0.77,0.84,0.79,0.84,0.88,0.88,0.98,0.94,0.92,0.89,0.87,0.89,0.85,0.90,0.86,0.84,0.90,0.87,0.84
Faroe Islands,0.01,0.00,0.00,0.00,0.00,0.00,0.01,0.01,0.01,0.01,0.01,0.01,0.01,0.01,0.01,0.01,0.01,0.01,0.01,0.01,0.01,0.01,0.01,0.01,0.01,0.01,0.01,0.01,0.01
Finland,0.97,0.99,0.91,0.90,0.95,0.96,0.99,1.06,1.06,1.07,1.06,1.08,1.13,1.14,1.18,1.13,1.14,1.17,1.22,1.21,1.21,1.23,1.25,1.32,1.34,1.26,1.32,1.33,1.29
Former Czechoslovakia,2.74,2.73,2.71,2.74,2.79,2.84,2.92,2.98,2.90,2.93,2.91,2.56,2.38,0.00,0.00,0.00,0.00,0.00,0.00,0.00,0.00,0.00,0.00,0.00,0.00,0.00,0.00,0.00,0.00
Former Serbia and Montenegro,0.00,0.00,0.00,0.00,0.00,0.00,0.00,0.00,0.00,0.00,0.00,0.00,0.66,0.53,0.56,0.48,0.74,0.76,0.78,0.63,0.63,0.66,0.74,0.74,0.76,0.71,0.00,0.00,0.00
Former Yugoslavia,1.67,1.74,1.78,1.82,2.13,2.20,2.21,2.22,2.23,2.23,2.13,1.90,0.00,0.00,0.00,0.00,0.00,0.00,0.00,0.00,0.00,0.00,0.00,0.00,0.00,0.00,0.00,0.00,0.00
France,8.39,8.07,7.79,7.91,8.17,8.35,8.49,8.61,8.59,8.88,9.13,9.74,9.79,9.80,9.78,10.05,10.42,10.36,10.59,10.71,10.85,11.09,11.00,11.12,11.30,11.35,11.38,11.19,11.29
Germany,0.00,0.00,0.00,0.00,0.00,0.00,0.00,0.00,0.00,0.00,0.00,14.30,14.04,14.07,14.01,14.38,14.39,14.34,14.33,14.11,14.26,14.62,14.33,14.59,14.70,14.40,14.65,14.19,14.36
"Germany, East",3.59,3.56,3.60,3.55,3.61,3.80,3.81,3.83,3.82,3.72,3.40,0.00,0.00,0.00,0.00,0.00,0.00,0.00,0.00,0.00,0.00,0.00,0.00,0.00,0.00,0.00,0.00,0.00,0.00
"Germany, West",11.27,10.77,10.50,10.49,10.81,11.02,11.41,11.41,11.47,11.18,11.46,0.00,0.00,0.00,0.00,0.00,0.00,0.00,0.00,0.00,0.00,0.00,0.00,0.00,0.00,0.00,0.00,0.00,0.00
Gibraltar,0.01,0.01,0.01,0.01,0.01,0.01,0.02,0.02,0.02,0.02,0.02,0.02,0.04,0.04,0.04,0.04,0.04,0.04,0.05,0.04,0.09,0.05,0.05,0.05,0.05,0.06,0.06,0.06,0.06
Greece,0.75,0.75,0.73,0.75,0.77,0.81,0.84,0.90,0.96,1.00,1.04,1.06,1.02,1.07,1.09,1.12,1.15,1.20,1.27,1.27,1.34,1.35,1.36,1.44,1.43,1.43,1.48,1.50,1.47
Hungary,1.21,1.20,1.20,1.21,1.19,1.23,1.24,1.28,1.25,1.25,1.18,1.13,1.06,1.03,1.03,1.03,1.07,1.05,1.05,1.05,1.02,1.06,1.06,1.09,1.09,1.16,1.15,1.11,1.11
Iceland,0.06,0.06,0.06,0.06,0.07,0.07,0.07,0.07,0.08,0.08,0.08,0.08,0.08,0.08,0.09,0.09,0.09,0.10,0.11,0.12,0.13,0.14,0.14,0.14,0.14,0.15,0.17,0.20,0.25
Ireland,0.32,0.31,0.31,0.30,0.31,0.31,0.34,0.34,0.33,0.35,0.37,0.38,0.39,0.40,0.42,0.43,0.46,0.49,0.53,0.56,0.60,0.63,0.62,0.62,0.64,0.66,0.70,0.69,0.69
Italy,6.15,6.03,5.89,5.78,6.05,6.06,6.15,6.37,6.53,6.72,6.76,6.91,6.88,6.87,6.78,7.09,7.12,7.23,7.44,7.56,7.63,7.67,7.70,7.96,8.08,8.14,8.07,7.95,7.90
Luxembourg,0.14,0.13,0.12,0.11,0.12,0.13,0.13,0.12,0.13,0.14,0.14,0.16,0.16,0.16,0.16,0.14,0.14,0.14,0.14,0.15,0.15,0.16,0.17,0.18,0.20,0.20,0.20,0.20,0.20
Macedonia,0.00,0.00,0.00,0.00,0.00,0.00,0.00,0.00,0.00,0.00,0.00,0.00,0.12,0.12,0.11,0.12,0.13,0.12,0.14,0.13,0.12,0.11,0.11,0.12,0.12,0.12,0.12,0.12,0.12
Malta,0.02,0.02,0.02,0.02,0.02,0.02,0.02,0.02,0.03,0.03,0.03,0.03,0.03,0.03,0.04,0.03,0.03,0.04,0.04,0.04,0.04,0.03,0.04,0.04,0.04,0.04,0.04,0.04,0.04
Montenegro,0.00,0.00,0.00,0.00,0.00,0.00,0.00,0.00,0.00,0.00,0.00,0.00,0.00,0.00,0.00,0.00,0.00,0.00,0.00,0.00,0.00,0.00,0.00,0.00,0.00,0.00,0.03,0.04,0.04
Netherlands,3.20,3.01,2.87,2.81,2.88,3.01,3.14,3.23,3.24,3.26,3.31,3.50,3.47,3.54,3.51,3.58,3.73,3.70,3.69,3.68,3.79,3.93,3.94,4.00,4.11,4.22,4.14,4.38,4.33
Norway,1.34,1.39,1.35,1.47,1.53,1.55,1.54,1.57,1.60,1.67,1.71,1.62,1.71,1.71,1.68,1.79,1.69,1.75,1.80,1.89,1.96,1.87,1.94,1.82,1.89,1.97,1.81,1.94,1.94
Poland,5.07,4.58,4.58,4.59,4.76,4.91,5.00,5.16,5.06,4.86,3.95,3.87,3.83,3.97,3.82,3.70,4.14,4.08,3.85,3.98,3.62,3.45,3.44,3.57,3.70,3.67,3.85,3.86,3.89
Portugal,0.43,0.37,0.49,0.50,0.53,0.54,0.57,0.59,0.65,0.70,0.75,0.75,0.76,0.77,0.81,0.84,0.88,0.91,0.97,1.02,1.07,1.09,1.08,1.12,1.11,1.11,1.08,1.11,1.06
Romania,2.75,2.76,2.89,2.95,2.88,2.89,2.96,3.03,2.99,3.11,2.81,2.21,2.05,1.87,1.87,2.02,2.05,2.03,1.74,1.59,1.59,1.72,1.68,1.63,1.69,1.71,1.72,1.71,1.68
Serbia,0.00,0.00,0.00,0.00,0.00,0.00,0.00,0.00,0.00,0.00,0.00,0.00,0.00,0.00,0.00,0.00,0.00,0.00,0.00,0.00,0.00,0.00,0.00,0.00,0.00,0.00,0.74,0.73,0.73
Slovakia,0.00,0.00,0.00,0.00,0.00,0.00,0.00,0.00,0.00,0.00,0.00,0.00,0.00,0.78,0.75,0.80,0.79,0.78,0.77,0.77,0.78,0.83,0.84,0.81,0.80,0.83,0.82,0.79,0.80
Slovenia,0.00,0.00,0.00,0.00,0.00,0.00,0.00,0.00,0.00,0.00,0.00,0.00,0.23,0.23,0.25,0.28,0.30,0.29,0.29,0.29,0.29,0.30,0.30,0.30,0.31,0.32,0.32,0.31,0.33
Spain,3.04,3.09,3.33,3.42,3.25,3.34,3.40,3.50,3.75,3.86,3.92,4.15,4.12,4.02,4.18,4.31,4.41,4.70,4.92,5.16,5.53,5.79,5.87,6.18,6.39,6.51,6.56,6.72,6.50
Sweden,2.07,2.04,1.88,1.94,2.03,2.17,2.20,2.27,2.23,2.20,2.22,2.21,2.24,2.24,2.26,2.31,2.27,2.32,2.40,2.37,2.27,2.40,2.27,2.17,2.30,2.33,2.21,2.24,2.22
Switzerland,1.14,1.06,1.03,1.09,1.06,1.16,1.17,1.17,1.19,1.15,1.18,1.22,1.23,1.22,1.24,1.24,1.21,1.23,1.26,1.32,1.29,1.35,1.28,1.30,1.29,1.26,1.28,1.28,1.32
Turkey,1.04,0.98,1.12,1.16,1.23,1.33,1.50,1.66,1.71,1.80,1.97,2.07,2.13,2.33,2.23,2.49,2.75,2.93,3.00,2.91,3.16,2.89,3.15,3.32,3.51,3.73,4.07,4.40,4.31
United Kingdom,8.84,8.52,8.37,8.41,8.45,8.75,8.92,9.07,9.06,9.30,9.29,9.54,9.29,9.58,9.56,9.45,10.07,9.77,9.75,9.80,9.74,9.87,9.74,9.86,9.92,9.93,9.80,9.44,9.35
Armenia,0.00,0.00,0.00,0.00,0.00,0.00,0.00,0.00,0.00,0.00,0.00,0.00,0.20,0.15,0.13,0.13,0.17,0.15,0.15,0.16,0.16,0.16,0.16,0.18,0.18,0.20,0.20,0.22,0.22
Azerbaijan,0.00,0.00,0.00,0.00,0.00,0.00,0.00,0.00,0.00,0.00,0.00,0.00,0.99,0.77,0.76,0.73,0.65,0.64,0.54,0.56,0.52,0.52,0.59,0.60,0.64,0.66,0.70,0.59,0.68
Belarus,0.00,0.00,0.00,0.00,0.00,0.00,0.00,0.00,0.00,0.00,0.00,0.00,1.53,1.24,1.08,1.01,1.01,1.00,0.98,0.99,1.05,0.96,0.91,0.98,0.95,1.12,1.15,1.19,1.16
Estonia,0.00,0.00,0.00,0.00,0.00,0.00,0.00,0.00,0.00,0.00,0.00,0.00,0.29,0.19,0.19,0.18,0.23,0.22,0.23,0.19,0.20,0.20,0.20,0.22,0.23,0.23,0.23,0.25,0.24
Former U.S.S.R.,46.74,47.22,49.26,50.42,53.42,55.69,57.48,58.82,60.76,60.07,60.98,57.60,0.00,0.00,0.00,0.00,0.00,0.00,0.00,0.00,0.00,0.00,0.00,0.00,0.00,0.00,0.00,0.00,0.00
Georgia,0.00,0.00,0.00,0.00,0.00,0.00,0.00,0.00,0.00,0.00,0.00,0.00,0.33,0.19,0.15,0.15,0.16,0.16,0.17,0.14,0.14,0.13,0.15,0.13,0.14,0.15,0.14,0.16,0.17
Kazakhstan,0.00,0.00,0.00,0.00,0.00,0.00,0.00,0.00,0.00,0.00,0.00,0.00,3.43,2.86,2.29,1.90,1.96,1.69,1.63,1.79,1.93,2.01,2.07,1.92,2.18,2.21,2.39,2.32,2.17
Kyrgyzstan,0.00,0.00,0.00,0.00,0.00,0.00,0.00,0.00,0.00,0.00,0.00,0.00,0.29,0.24,0.23,0.19,0.23,0.22,0.22,0.24,0.24,0.23,0.19,0.20,0.21,0.21,0.22,0.21,0.18
Latvia,0.00,0.00,0.00,0.00,0.00,0.00,0.00,0.00,0.00,0.00,0.00,0.00,0.22,0.16,0.16,0.17,0.17,0.16,0.16,0.15,0.15,0.16,0.15,0.16,0.18,0.19,0.18,0.19,0.16
Lithuania,0.00,0.00,0.00,0.00,0.00,0.00,0.00,0.00,0.00,0.00,0.00,0.00,0.48,0.38,0.35,0.38,0.36,0.36,0.39,0.30,0.30,0.32,0.34,0.35,0.35,0.35,0.35,0.39,0.39
Moldova,0.00,0.00,0.00,0.00,0.00,0.00,0.00,0.00,0.00,0.00,0.00,0.00,0.28,0.20,0.16,0.14,0.15,0.15,0.14,0.11,0.11,0.11,0.12,0.13,0.12,0.13,0.14,0.13,0.14
Russia,0.00,0.00,0.00,0.00,0.00,0.00,0.00,0.00,0.00,0.00,0.00,0.00,34.12,30.58,29.23,27.94,27.35,25.54,25.72,26.78,27.22,27.23,27.68,28.51,29.37,29.52,28.82,29.97,30.43
Tajikistan,0.00,0.00,0.00,0.00,0.00,0.00,0.00,0.00,0.00,0.00,0.00,0.00,0.29,0.25,0.25,0.21,0.23,0.22,0.23,0.24,0.24,0.25,0.25,0.27,0.27,0.29,0.28,0.28,0.26
Turkmenistan,0.00,0.00,0.00,0.00,0.00,0.00,0.00,0.00,0.00,0.00,0.00,0.00,0.31,0.27,0.29,0.30,0.30,0.31,0.28,0.32,0.40,0.50,0.58,0.76,0.81,0.85,0.86,0.92,1.00
Ukraine,0.00,0.00,0.00,0.00,0.00,0.00,0.00,0.00,0.00,0.00,0.00,0.00,8.57,8.09,7.00,6.91,6.34,6.07,5.85,5.75,5.75,5.64,5.82,6.28,6.25,6.37,5.91,6.34,6.30
Uzbekistan,0.00,0.00,0.00,0.00,0.00,0.00,0.00,0.00,0.00,0.00,0.00,0.00,1.66,2.03,1.75,1.87,1.88,1.88,1.84,1.86,1.95,2.04,2.10,2.13,2.25,2.16,2.23,2.23,2.35
Bahrain,0.14,0.16,0.17,0.18,0.17,0.20,0.22,0.27,0.23,0.23,0.26,0.29,0.24,0.28,0.28,0.28,0.28,0.34,0.35,0.36,0.36,0.38,0.40,0.41,0.42,0.46,0.50,0.52,0.55
Iran,1.58,1.49,1.71,2.09,2.23,2.40,2.43,2.54,2.70,2.98,3.10,3.23,3.36,3.24,3.69,3.82,3.96,4.43,4.58,4.83,5.01,5.39,5.89,6.18,6.39,7.32,7.67,7.90,8.12
Iraq,0.52,0.48,0.46,0.55,0.54,0.57,0.62,0.64,0.77,0.83,0.92,0.60,0.84,0.84,1.10,1.13,1.12,1.04,1.06,1.07,1.08,1.13,1.14,1.01,1.13,1.19,1.17,1.26,1.36
Israel,0.35,0.36,0.37,0.37,0.38,0.36,0.37,0.39,0.43,0.44,0.45,0.48,0.54,0.53,0.62,0.62,0.66,0.71,0.73,0.74,0.81,0.87,0.84,0.85,0.86,0.88,0.88,0.88,0.86
Jordan,0.08,0.09,0.10,0.11,0.12,0.12,0.13,0.14,0.13,0.14,0.15,0.14,0.16,0.14,0.18,0.19,0.21,0.20,0.22,0.21,0.23,0.22,0.23,0.25,0.28,0.29,0.31,0.31,0.31
Kuwait,0.48,0.35,0.35,0.39,0.41,0.40,0.45,0.54,0.62,0.70,0.45,0.22,0.35,0.41,0.57,0.59,0.75,0.80,0.85,0.86,0.91,0.88,0.89,0.96,1.01,1.16,1.14,1.14,1.19
Lebanon,0.10,0.10,0.09,0.10,0.09,0.11,0.10,0.11,0.10,0.08,0.07,0.12,0.12,0.14,0.17,0.18,0.19,0.22,0.22,0.23,0.23,0.22,0.23,0.24,0.23,0.22,0.19,0.18,0.20
Oman,0.06,0.07,0.08,0.10,0.10,0.12,0.13,0.14,0.13,0.17,0.18,0.21,0.20,0.22,0.24,0.22,0.23,0.27,0.35,0.30,0.34,0.35,0.36,0.36,0.38,0.49,0.56,0.59,0.71
Palestine,0.00,0.00,0.00,0.00,0.00,0.00,0.00,0.00,0.00,0.00,0.00,0.00,0.00,0.00,0.00,0.00,0.00,0.01,0.01,0.01,0.02,0.03,0.02,0.03,0.04,0.05,0.05,0.05,0.06
Qatar,0.21,0.20,0.24,0.22,0.27,0.24,0.26,0.26,0.27,0.28,0.34,0.40,0.47,0.53,0.56,0.56,0.58,0.61,0.62,0.59,0.64,0.50,0.53,0.58,0.71,0.84,0.91,0.95,1.00
Saudi Arabia,1.66,2.02,1.97,2.12,2.47,2.71,3.01,3.07,3.18,3.13,3.35,3.50,3.66,2.91,3.90,3.83,4.10,4.37,4.54,4.60,4.85,5.14,5.38,5.76,6.21,6.59,6.92,6.26,6.73
Syria,0.27,0.29,0.30,0.33,0.37,0.38,0.38,0.43,0.45,0.48,0.56,0.52,0.54,0.55,0.63,0.61,0.65,0.69,0.75,0.77,0.78,0.76,0.83,0.83,0.85,0.81,0.82,0.82,0.84
United Arab Emirates,0.27,0.44,0.41,0.51,0.58,0.80,0.91,1.07,1.17,1.27,1.23,1.49,1.61,1.46,1.49,1.61,1.67,1.77,1.84,1.86,1.87,1.89,2.06,2.10,2.22,2.31,2.54,2.82,3.26
Yemen,0.10,0.10,0.11,0.10,0.13,0.15,0.14,0.14,0.14,0.15,0.16,0.17,0.17,0.13,0.14,0.15,0.15,0.16,0.17,0.18,0.19,0.21,0.23,0.24,0.25,0.26,0.28,0.26,0.31
Algeria,0.80,0.68,0.96,1.07,1.16,1.05,1.06,1.13,1.21,1.17,1.22,1.36,1.30,1.08,1.24,1.30,1.26,1.20,1.25,1.25,1.24,1.26,1.28,1.29,1.26,1.48,1.54,1.62,1.71
Angola,0.06,0.06,0.06,0.07,0.06,0.07,0.07,0.08,0.08,0.08,0.08,0.08,0.09,0.08,0.08,0.09,0.08,0.09,0.08,0.09,0.09,0.12,0.13,0.14,0.14,0.15,0.17,0.19,0.20
Benin,0.01,0.01,0.00,0.01,0.01,0.01,0.01,0.01,0.01,0.01,0.01,0.01,0.01,0.01,0.01,0.01,0.02,0.02,0.02,0.02,0.02,0.02,0.03,0.03,0.04,0.04,0.04,0.05,0.05
Botswana,0.02,0.02,0.01,0.01,0.01,0.02,0.02,0.02,0.02,0.03,0.03,0.03,0.04,0.04,0.04,0.04,0.04,0.04,0.05,0.05,0.06,0.05,0.05,0.05,0.06,0.06,0.06,0.06,0.06
Burkina Faso,0.01,0.01,0.01,0.01,0.01,0.01,0.01,0.01,0.01,0.01,0.01,0.01,0.01,0.01,0.01,0.01,0.01,0.02,0.02,0.02,0.02,0.02,0.02,0.02,0.02,0.02,0.02,0.02,0.02
Burundi,0.00,0.00,0.00,0.00,0.00,0.00,0.00,0.00,0.00,0.01,0.01,0.01,0.01,0.00,0.01,0.01,0.01,0.01,0.01,0.01,0.01,0.01,0.01,0.01,0.01,0.01,0.01,0.01,0.01
Cameroon,0.05,0.05,0.06,0.06,0.06,0.06,0.07,0.07,0.07,0.08,0.08,0.08,0.08,0.06,0.07,0.08,0.08,0.08,0.08,0.08,0.08,0.08,0.08,0.08,0.09,0.09,0.09,0.10,0.10
Cape Verde,0.00,0.00,0.00,0.00,0.00,0.00,0.00,0.00,0.00,0.00,0.00,0.00,0.00,0.00,0.00,0.00,0.00,0.00,0.00,0.00,0.00,0.00,0.00,0.00,0.00,0.00,0.00,0.00,0.00
Central African Republic,0.00,0.00,0.00,0.00,0.00,0.00,0.00,0.00,0.00,0.00,0.00,0.00,0.00,0.00,0.00,0.00,0.00,0.01,0.01,0.01,0.01,0.01,0.01,0.01,0.01,0.01,0.01,0.01,0.01
Chad,0.00,0.00,0.00,0.00,0.00,0.00,0.00,0.00,0.00,0.00,0.00,0.00,0.00,0.00,0.00,0.00,0.00,0.00,0.00,0.00,0.00,0.00,0.00,0.00,0.00,0.00,0.00,0.00,0.00
Comoros,0.00,0.00,0.00,0.00,0.00,0.00,0.00,0.00,0.00,0.00,0.00,0.00,0.00,0.00,0.00,0.00,0.00,0.00,0.00,0.00,0.00,0.00,0.00,0.00,0.00,0.00,0.00,0.00,0.00
Congo (Brazzaville),0.01,0.01,0.01,0.01,0.01,0.02,0.02,0.02,0.02,0.02,0.02,0.02,0.02,0.01,0.01,0.01,0.02,0.02,0.01,0.01,0.01,0.02,0.02,0.02,0.02,0.02,0.03,0.03,0.04
Congo (Kinshasa),0.09,0.09,0.09,0.10,0.10,0.10,0.10,0.10,0.11,0.11,0.11,0.11,0.12,0.11,0.10,0.11,0.11,0.10,0.09,0.09,0.09,0.08,0.08,0.08,0.10,0.10,0.10,0.11,0.11
Cote dIvoire (IvoryCoast),0.07,0.08,0.08,0.07,0.07,0.08,0.08,0.09,0.09,0.09,0.08,0.07,0.06,0.06,0.07,0.08,0.10,0.10,0.10,0.13,0.13,0.11,0.11,0.11,0.12,0.11,0.11,0.12,0.12
Djibouti,0.02,0.02,0.02,0.01,0.01,0.01,0.01,0.01,0.01,0.02,0.02,0.02,0.02,0.02,0.02,0.02,0.02,0.02,0.02,0.02,0.02,0.03,0.03,0.03,0.03,0.03,0.02,0.02,0.02
Egypt,0.71,0.83,0.93,1.05,1.15,1.21,1.24,1.30,1.30,1.35,1.44,1.43,1.43,1.37,1.56,1.59,1.73,1.79,1.85,1.92,2.01,2.23,2.26,2.43,2.58,2.72,2.56,2.74,3.17
Equatorial Guinea,0.00,0.00,0.00,0.00,0.00,0.00,0.00,0.00,0.00,0.00,0.00,0.00,0.00,0.00,0.00,0.00,0.00,0.00,0.00,0.00,0.00,0.00,0.05,0.05,0.01,0.05,0.05,0.06,0.06
Eritrea,0.00,0.00,0.00,0.00,0.00,0.00,0.00,0.00,0.00,0.00,0.00,0.00,0.00,0.00,0.01,0.02,0.02,0.02,0.02,0.01,0.01,0.01,0.01,0.01,0.01,0.01,0.01,0.01,0.01
Ethiopia,0.03,0.03,0.03,0.04,0.04,0.05,0.04,0.05,0.05,0.05,0.05,0.05,0.06,0.06,0.04,0.05,0.04,0.04,0.05,0.06,0.06,0.07,0.07,0.08,0.09,0.09,0.10,0.11,0.12
Gabon,0.03,0.03,0.03,0.04,0.04,0.03,0.03,0.03,0.04,0.04,0.04,0.04,0.05,0.04,0.04,0.04,0.04,0.05,0.04,0.04,0.04,0.04,0.04,0.04,0.04,0.04,0.04,0.04,0.05
"Gambia, The",0.00,0.00,0.00,0.00,0.00,0.00,0.00,0.00,0.00,0.00,0.00,0.00,0.00,0.00,0.00,0.00,0.00,0.00,0.00,0.00,0.00,0.00,0.00,0.00,0.00,0.00,0.00,0.01,0.01
Ghana,0.09,0.08,0.08,0.06,0.05,0.06,0.08,0.09,0.09,0.10,0.10,0.10,0.11,0.11,0.12,0.12,0.12,0.12,0.10,0.12,0.14,0.14,0.13,0.13,0.14,0.15,0.15,0.13,0.16
Guinea,0.01,0.01,0.01,0.01,0.01,0.01,0.02,0.02,0.02,0.02,0.02,0.02,0.02,0.02,0.02,0.02,0.02,0.02,0.02,0.02,0.02,0.02,0.02,0.02,0.02,0.02,0.02,0.02,0.02
Guinea-Bissau,0.00,0.00,0.00,0.00,0.00,0.00,0.00,0.00,0.00,0.00,0.00,0.00,0.00,0.00,0.00,0.00,0.00,0.00,0.00,0.00,0.00,0.00,0.01,0.01,0.01,0.01,0.01,0.01,0.01
Kenya,0.10,0.10,0.10,0.10,0.10,0.11,0.11,0.10,0.12,0.13,0.13,0.12,0.13,0.12,0.14,0.14,0.15,0.14,0.15,0.15,0.15,0.15,0.15,0.17,0.18,0.19,0.21,0.21,0.21
Lesotho,0.00,0.00,0.00,0.00,0.00,0.00,0.00,0.00,0.00,0.00,0.00,0.00,0.00,0.00,0.00,0.00,0.00,0.00,0.00,0.00,0.01,0.01,0.01,0.01,0.01,0.01,0.01,0.01,0.01
Liberia,0.03,0.03,0.03,0.03,0.03,0.03,0.02,0.02,0.02,0.02,0.01,0.00,0.00,0.00,0.01,0.01,0.01,0.01,0.01,0.01,0.01,0.01,0.01,0.01,0.01,0.01,0.01,0.01,0.01
Libya,0.40,0.36,0.35,0.38,0.38,0.42,0.44,0.45,0.46,0.48,0.51,0.53,0.50,0.44,0.53,0.55,0.58,0.62,0.59,0.56,0.63,0.67,0.70,0.68,0.76,0.78,0.74,0.76,0.78
Madagascar,0.02,0.02,0.02,0.02,0.02,0.02,0.02,0.02,0.02,0.02,0.02,0.02,0.02,0.02,0.02,0.02,0.02,0.02,0.02,0.02,0.03,0.03,0.04,0.04,0.04,0.04,0.04,0.04,0.05
Malawi,0.01,0.01,0.01,0.01,0.01,0.01,0.01,0.01,0.01,0.01,0.01,0.02,0.02,0.02,0.02,0.02,0.02,0.02,0.02,0.02,0.02,0.02,0.02,0.02,0.03,0.03,0.03,0.03,0.03
Mali,0.01,0.01,0.01,0.01,0.01,0.01,0.01,0.01,0.00,0.01,0.01,0.01,0.01,0.01,0.01,0.01,0.01,0.01,0.01,0.01,0.01,0.01,0.01,0.01,0.01,0.01,0.01,0.01,0.01
Mauritania,0.01,0.01,0.01,0.01,0.01,0.01,0.01,0.01,0.01,0.02,0.01,0.01,0.05,0.04,0.05,0.05,0.05,0.05,0.05,0.05,0.05,0.05,0.05,0.05,0.04,0.05,0.04,0.04,0.04
Mauritius,0.01,0.01,0.01,0.01,0.01,0.01,0.02,0.02,0.02,0.03,0.03,0.03,0.03,0.03,0.03,0.04,0.04,0.04,0.04,0.04,0.05,0.06,0.05,0.05,0.05,0.06,0.06,0.06,0.06
Morocco,0.23,0.22,0.22,0.22,0.21,0.22,0.25,0.25,0.27,0.30,0.31,0.32,0.33,0.30,0.39,0.37,0.40,0.41,0.42,0.44,0.45,0.48,0.49,0.49,0.49,0.50,0.52,0.53,0.56
Mozambique,0.18,0.07,0.06,0.09,0.03,0.03,0.02,0.02,0.02,0.02,0.02,0.02,0.02,0.02,0.02,0.02,0.02,0.03,0.03,0.08,0.10,0.13,0.13,0.13,0.14,0.16,0.18,0.18,0.17
Namibia,0.00,0.00,0.00,0.00,0.00,0.00,0.00,0.00,0.00,0.00,0.03,0.02,0.02,0.02,0.02,0.03,0.03,0.03,0.03,0.04,0.04,0.05,0.05,0.05,0.06,0.06,0.06,0.06,0.07
Niger,0.01,0.01,0.01,0.01,0.01,0.01,0.01,0.01,0.01,0.01,0.01,0.01,0.01,0.02,0.02,0.02,0.02,0.02,0.02,0.01,0.02,0.02,0.02,0.02,0.02,0.02,0.02,0.02,0.02
Nigeria,0.42,0.52,0.52,0.52,0.56,0.60,0.59,0.62,0.66,0.72,0.70,0.77,0.79,0.75,0.74,0.83,0.85,0.85,0.82,0.82,0.81,0.91,0.93,0.98,0.98,1.09,1.04,1.00,1.09
Reunion,0.01,0.01,0.01,0.02,0.02,0.02,0.02,0.02,0.02,0.02,0.02,0.03,0.03,0.03,0.03,0.03,0.03,0.03,0.04,0.04,0.04,0.04,0.04,0.04,0.04,0.05,0.05,0.05,0.05
Rwanda,0.00,0.01,0.01,0.01,0.01,0.01,0.01,0.01,0.01,0.01,0.01,0.01,0.01,0.01,0.01,0.01,0.01,0.01,0.01,0.01,0.01,0.01,0.01,0.01,0.01,0.01,0.01,0.01,0.01
Saint Helena,0.00,0.00,0.00,0.00,0.00,0.00,0.00,0.00,0.00,0.00,0.00,0.00,0.00,0.00,0.00,0.00,0.00,0.00,0.00,0.00,0.00,0.00,0.00,0.00,0.00,0.00,0.00,0.00,0.00
Sao Tome and Principe,0.00,0.00,0.00,0.00,0.00,0.00,0.00,0.00,0.00,0.00,0.00,0.00,0.00,0.00,0.00,0.00,0.00,0.00,0.00,0.00,0.00,0.00,0.00,0.00,0.00,0.00,0.00,0.00,0.00
Senegal,0.04,0.04,0.04,0.04,0.04,0.04,0.04,0.04,0.04,0.04,0.04,0.03,0.04,0.03,0.05,0.06,0.06,0.05,0.05,0.06,0.06,0.06,0.07,0.07,0.08,0.08,0.09,0.09,0.09
Seychelles,0.00,0.00,0.00,0.00,0.00,0.00,0.00,0.00,0.01,0.01,0.01,0.01,0.01,0.01,0.01,0.01,0.01,0.01,0.01,0.01,0.01,0.01,0.01,0.01,0.01,0.01,0.02,0.01,0.01
Sierra Leone,0.01,0.01,0.01,0.01,0.01,0.01,0.01,0.01,0.01,0.01,0.01,0.02,0.01,0.01,0.01,0.01,0.01,0.01,0.01,0.01,0.01,0.01,0.01,0.01,0.02,0.02,0.02,0.02,0.02
Somalia,0.02,0.02,0.02,0.02,0.02,0.02,0.02,0.01,0.02,0.02,0.01,0.01,0.01,0.01,0.01,0.01,0.01,0.01,0.01,0.01,0.01,0.01,0.01,0.01,0.01,0.01,0.01,0.01,0.01
South Africa,2.73,2.96,3.16,3.19,3.45,3.52,3.62,3.67,3.78,3.55,3.52,3.68,3.76,3.67,4.08,4.11,4.17,4.56,4.35,4.46,4.58,4.65,4.54,4.88,5.21,5.12,5.29,5.52,5.71
Sudan,0.05,0.06,0.06,0.06,0.05,0.06,0.07,0.07,0.07,0.07,0.06,0.09,0.08,0.07,0.07,0.07,0.07,0.07,0.07,0.07,0.10,0.13,0.13,0.15,0.16,0.17,0.19,0.19,0.19
Swaziland,0.01,0.01,0.01,0.01,0.01,0.01,0.01,0.01,0.01,0.01,0.01,0.01,0.01,0.01,0.01,0.02,0.01,0.02,0.02,0.02,0.02,0.02,0.02,0.02,0.02,0.02,0.02,0.02,0.02
Tanzania,0.04,0.04,0.04,0.04,0.04,0.04,0.05,0.05,0.05,0.05,0.05,0.05,0.05,0.05,0.05,0.05,0.05,0.05,0.05,0.06,0.06,0.07,0.08,0.08,0.08,0.09,0.09,0.11,0.12
Togo,0.01,0.01,0.01,0.01,0.01,0.01,0.01,0.01,0.01,0.01,0.01,0.02,0.01,0.01,0.01,0.01,0.01,0.01,0.01,0.02,0.02,0.02,0.02,0.03,0.03,0.03,0.03,0.04,0.04
Tunisia,0.13,0.14,0.13,0.15,0.17,0.17,0.18,0.17,0.18,0.20,0.20,0.20,0.19,0.20,0.24,0.21,0.23,0.27,0.29,0.29,0.30,0.34,0.34,0.33,0.33,0.36,0.33,0.32,0.35
Uganda,0.02,0.01,0.01,0.01,0.01,0.01,0.02,0.01,0.02,0.02,0.02,0.02,0.02,0.02,0.02,0.02,0.03,0.03,0.03,0.03,0.03,0.04,0.04,0.04,0.04,0.04,0.04,0.04,0.04
Western Sahara,0.00,0.00,0.00,0.00,0.00,0.00,0.00,0.00,0.00,0.00,0.00,0.00,0.00,0.00,0.00,0.00,0.00,0.00,0.00,0.00,0.00,0.00,0.00,0.00,0.00,0.00,0.00,0.00,0.00
Zambia,0.13,0.13,0.14,0.13,0.13,0.13,0.13,0.12,0.12,0.10,0.11,0.11,0.11,0.10,0.10,0.10,0.10,0.11,0.10,0.10,0.10,0.10,0.11,0.11,0.11,0.12,0.13,0.13,0.13
Zimbabwe,0.16,0.16,0.15,0.16,0.16,0.15,0.18,0.20,0.20,0.20,0.22,0.23,0.23,0.21,0.20,0.20,0.20,0.20,0.20,0.23,0.21,0.20,0.20,0.20,0.18,0.19,0.17,0.17,0.16
Afghanistan,0.03,0.03,0.03,0.04,0.04,0.04,0.04,0.06,0.11,0.11,0.11,0.05,0.03,0.03,0.03,0.03,0.03,0.03,0.02,0.02,0.02,0.02,0.02,0.02,0.02,0.02,0.02,0.02,0.02
American Samoa,0.01,0.01,0.01,0.01,0.01,0.01,0.01,0.01,0.01,0.01,0.01,0.01,0.01,0.01,0.01,0.01,0.01,0.01,0.01,0.01,0.01,0.01,0.01,0.01,0.01,0.01,0.01,0.01,0.01
Australia,2.74,2.82,2.89,2.96,3.23,3.26,3.25,3.43,3.42,3.62,3.71,3.71,3.81,3.92,3.92,4.04,4.21,4.55,4.58,4.80,4.83,5.00,5.07,5.11,5.29,5.42,5.46,5.57,5.76
Bangladesh,0.13,0.14,0.15,0.14,0.17,0.17,0.19,0.21,0.23,0.25,0.25,0.26,0.29,0.30,0.34,0.38,0.39,0.40,0.42,0.47,0.50,0.55,0.58,0.63,0.67,0.71,0.77,0.80,0.87
Bhutan,0.00,0.00,0.00,0.00,0.00,0.00,0.00,0.01,0.01,0.01,0.01,0.01,0.01,0.01,0.01,0.02,0.02,0.02,0.02,0.02,0.02,0.02,0.02,0.02,0.02,0.02,0.04,0.05,0.05
Brunei,0.08,0.09,0.09,0.07,0.06,0.08,0.05,0.08,0.07,0.08,0.07,0.04,0.05,0.05,0.05,0.06,0.06,0.06,0.06,0.06,0.06,0.07,0.08,0.09,0.10,0.12,0.18,0.18,0.19
Burma (Myanmar),0.07,0.07,0.08,0.09,0.10,0.10,0.09,0.09,0.08,0.09,0.09,0.08,0.09,0.09,0.11,0.12,0.12,0.13,0.14,0.14,0.16,0.15,0.18,0.19,0.21,0.28,0.26,0.27,0.26
Cambodia,0.00,0.00,0.01,0.01,0.01,0.01,0.01,0.01,0.01,0.01,0.01,0.01,0.01,0.01,0.01,0.02,0.02,0.03,0.03,0.03,0.03,0.04,0.04,0.05,0.05,0.06,0.06,0.07,0.07
China,17.29,17.19,17.93,19.01,20.45,22.01,23.24,24.76,26.45,26.96,27.00,28.16,29.27,30.03,34.11,34.76,35.55,37.75,37.04,36.51,36.35,38.41,43.91,51.16,62.92,68.25,72.89,78.00,85.06
Cook Islands,0.00,0.00,0.00,0.00,0.00,0.00,0.00,0.00,0.00,0.00,0.00,0.00,0.00,0.00,0.00,0.00,0.00,0.00,0.00,0.00,0.00,0.00,0.00,0.00,0.00,0.00,0.00,0.00,0.00
Fiji,0.02,0.02,0.02,0.01,0.01,0.01,0.02,0.01,0.01,0.02,0.02,0.02,0.02,0.02,0.02,0.02,0.02,0.02,0.02,0.02,0.03,0.03,0.03,0.04,0.04,0.04,0.04,0.04,0.04
French Polynesia,0.00,0.00,0.01,0.01,0.01,0.01,0.01,0.01,0.01,0.01,0.01,0.01,0.01,0.01,0.01,0.01,0.01,0.01,0.01,0.01,0.01,0.01,0.01,0.01,0.01,0.01,0.02,0.02,0.02
Guam,0.05,0.07,0.06,0.06,0.02,0.01,0.02,0.01,0.01,0.01,0.03,0.03,0.04,0.05,0.07,0.05,0.04,0.05,0.04,0.05,0.04,0.04,0.03,0.03,0.03,0.03,0.03,0.03,0.02
Hawaiian Trade Zone,0.09,0.11,0.10,0.09,0.11,0.11,0.07,0.00,0.00,0.00,0.00,0.00,0.00,0.00,0.00,0.00,0.00,0.00,0.00,0.00,0.00,0.00,0.00,0.00,0.00,0.00,0.00,0.00,0.00
Hong Kong,0.27,0.28,0.31,0.34,0.35,0.37,0.39,0.44,0.49,0.51,0.51,0.49,0.56,0.57,0.59,0.63,0.68,0.69,0.73,0.86,0.81,0.86,0.93,0.96,1.07,1.12,1.10,1.14,1.08
India,4.04,4.63,4.74,4.99,5.65,5.91,6.36,6.45,7.05,7.46,7.88,8.37,8.85,8.74,9.96,11.44,11.04,11.64,12.17,12.99,13.46,13.94,13.75,14.23,15.38,16.36,17.66,18.85,19.95
Indonesia,1.17,1.27,1.31,1.39,1.46,1.54,1.66,1.73,1.86,2.10,2.32,2.54,2.65,2.79,3.12,3.26,3.55,3.66,3.56,3.91,3.92,3.96,4.18,4.25,4.43,4.71,5.22,5.63,5.82
Japan,15.21,15.13,14.58,14.31,16.31,16.22,15.71,16.75,17.95,18.54,19.57,20.12,20.14,20.16,21.15,21.62,21.99,22.41,21.89,22.37,22.80,22.46,22.36,22.44,23.04,22.94,23.17,22.93,22.30
Kiribati,0.00,0.00,0.00,0.00,0.00,0.00,0.00,0.00,0.00,0.00,0.00,0.00,0.00,0.00,0.00,0.00,0.00,0.00,0.00,0.00,0.00,0.00,0.00,0.00,0.00,0.00,0.00,0.00,0.00
"Korea, North",1.33,1.37,1.44,1.50,1.55,1.62,1.62,1.56,1.92,1.57,1.53,1.50,1.32,1.22,1.15,1.07,0.92,0.84,0.76,0.82,0.86,0.88,0.85,0.88,0.90,0.93,0.94,0.80,0.88
"Korea, South",1.76,1.82,1.83,2.01,2.13,2.31,2.57,2.82,3.12,3.40,3.84,4.34,4.83,5.39,5.84,6.36,6.75,7.33,6.91,7.47,7.84,8.10,8.40,8.65,8.91,9.23,9.34,9.71,9.89
Laos,0.01,0.01,0.01,0.01,0.01,0.01,0.01,0.01,0.01,0.01,0.01,0.01,0.01,0.01,0.01,0.01,0.02,0.02,0.02,0.03,0.03,0.04,0.03,0.03,0.03,0.04,0.04,0.04,0.04
Macau,0.01,0.01,0.01,0.01,0.01,0.01,0.01,0.01,0.01,0.01,0.02,0.02,0.02,0.02,0.02,0.02,0.02,0.02,0.02,0.02,0.02,0.02,0.03,0.03,0.03,0.03,0.04,0.04,0.04
Malaysia,0.42,0.44,0.46,0.51,0.61,0.70,0.75,0.75,0.80,0.87,0.98,1.09,1.14,1.17,1.43,1.47,1.64,1.67,1.69,1.74,1.98,2.09,2.18,2.27,2.26,2.29,2.37,2.32,2.45
Maldives,0.00,0.00,0.00,0.00,0.00,0.00,0.00,0.00,0.00,0.00,0.00,0.00,0.00,0.00,0.00,0.00,0.00,0.00,0.00,0.00,0.01,0.01,0.01,0.01,0.01,0.01,0.01,0.01,0.01
Mongolia,0.08,0.08,0.09,0.09,0.09,0.10,0.11,0.12,0.12,0.12,0.11,0.13,0.11,0.10,0.09,0.10,0.08,0.06,0.06,0.06,0.06,0.07,0.07,0.07,0.07,0.07,0.09,0.09,0.09
Nauru,0.00,0.00,0.00,0.00,0.00,0.00,0.00,0.00,0.00,0.00,0.00,0.00,0.00,0.00,0.00,0.00,0.00,0.00,0.00,0.00,0.00,0.00,0.00,0.00,0.00,0.00,0.00,0.00,0.00
Nepal,0.01,0.01,0.01,0.01,0.01,0.01,0.01,0.02,0.02,0.02,0.02,0.02,0.02,0.02,0.03,0.03,0.03,0.04,0.05,0.06,0.06,0.06,0.06,0.06,0.06,0.07,0.07,0.07,0.08
New Caledonia,0.03,0.03,0.02,0.02,0.02,0.02,0.02,0.02,0.02,0.03,0.02,0.03,0.03,0.03,0.03,0.03,0.03,0.03,0.03,0.03,0.03,0.03,0.03,0.03,0.04,0.03,0.04,0.04,0.04
New Zealand,0.51,0.51,0.52,0.54,0.58,0.59,0.64,0.64,0.69,0.69,0.73,0.73,0.74,0.75,0.79,0.80,0.81,0.81,0.79,0.83,0.85,0.86,0.89,0.87,0.89,0.88,0.88,0.88,0.88
Niue,0.00,0.00,0.00,0.00,0.00,0.00,0.00,0.00,0.00,0.00,0.00,0.00,0.00,0.00,0.00,0.00,0.00,0.00,0.00,0.00,0.00,0.00,0.00,0.00,0.00,0.00,0.00,0.00,0.00
Pakistan,0.63,0.69,0.78,0.79,0.82,0.87,0.93,1.01,1.08,1.13,1.18,1.25,1.31,1.36,1.53,1.58,1.67,1.69,1.74,1.81,1.86,1.81,1.82,1.92,1.99,2.16,2.40,2.50,2.48
Papua New Guinea,0.03,0.03,0.03,0.03,0.03,0.04,0.04,0.04,0.04,0.04,0.04,0.04,0.04,0.04,0.04,0.05,0.05,0.04,0.04,0.05,0.05,0.05,0.06,0.07,0.07,0.07,0.07,0.07,0.07
Philippines,0.58,0.57,0.58,0.57,0.55,0.54,0.54,0.60,0.64,0.71,0.73,0.73,0.77,0.79,0.90,0.96,1.02,1.09,1.13,1.22,1.25,1.23,1.25,1.28,1.32,1.31,1.31,1.30,1.29
Samoa,0.00,0.00,0.00,0.00,0.00,0.00,0.00,0.00,0.00,0.00,0.00,0.00,0.00,0.00,0.00,0.00,0.00,0.00,0.00,0.00,0.00,0.00,0.00,0.00,0.00,0.00,0.00,0.00,0.00
Singapore,0.44,0.46,0.49,0.49,0.51,0.50,0.57,0.63,0.68,0.73,0.80,0.85,0.97,0.96,1.17,1.19,1.35,1.45,1.50,1.49,1.52,1.61,1.59,1.68,1.89,2.03,2.08,2.22,2.38
Solomon Islands,0.00,0.00,0.00,0.00,0.00,0.00,0.00,0.00,0.00,0.00,0.00,0.00,0.00,0.00,0.00,0.00,0.00,0.00,0.00,0.00,0.00,0.00,0.00,0.00,0.00,0.00,0.00,0.00,0.00
Sri Lanka,0.09,0.09,0.09,0.09,0.11,0.10,0.10,0.10,0.10,0.10,0.11,0.11,0.11,0.12,0.14,0.15,0.15,0.16,0.17,0.18,0.19,0.19,0.19,0.20,0.20,0.22,0.22,0.22,0.22
Taiwan,1.12,1.07,1.07,1.22,1.41,1.46,1.56,1.66,1.80,1.92,2.02,2.08,2.19,2.12,2.57,2.83,3.02,3.17,3.36,3.54,3.81,3.85,4.08,4.26,4.40,4.44,4.57,4.61,4.56
Thailand,0.51,0.54,0.53,0.57,0.63,0.70,0.72,0.79,0.91,1.07,1.25,1.37,1.47,1.58,1.87,2.12,2.44,2.60,2.44,2.50,2.58,2.70,2.94,3.22,3.46,3.67,3.72,3.86,3.96
Timor-Leste (East Timor),0.00,0.00,0.00,0.00,0.00,0.00,0.00,0.00,0.00,0.00,0.00,0.00,0.00,0.00,0.00,0.00,0.00,0.00,0.00,0.00,0.00,0.00,0.00,0.00,0.00,0.00,0.00,0.00,0.00
Tonga,0.00,0.00,0.00,0.00,0.00,0.00,0.00,0.00,0.00,0.00,0.00,0.00,0.00,0.00,0.00,0.00,0.00,0.00,0.00,0.00,0.00,0.00,0.00,0.00,0.00,0.00,0.00,0.00,0.00
U.S. Pacific Islands,0.00,0.00,0.00,0.00,0.00,0.00,0.00,0.00,0.00,0.00,0.00,0.00,0.00,0.00,0.00,0.00,0.00,0.00,0.00,0.00,0.00,0.00,0.00,0.00,0.00,0.00,0.00,0.00,0.00
Vanuatu,0.00,0.00,0.00,0.00,0.00,0.00,0.00,0.00,0.00,0.00,0.00,0.00,0.00,0.00,0.00,0.00,0.00,0.00,0.00,0.00,0.00,0.00,0.00,0.00,0.00,0.00,0.00,0.00,0.00
Vietnam,0.17,0.17,0.18,0.19,0.19,0.21,0.19,0.22,0.20,0.24,0.26,0.28,0.29,0.33,0.37,0.48,0.57,0.58,0.61,0.68,0.74,0.81,0.90,0.98,1.13,1.20,1.30,1.39,1.61
Wake Island,0.02,0.02,0.02,0.02,0.02,0.02,0.02,0.02,0.02,0.02,0.02,0.02,0.02,0.02,0.02,0.02,0.02,0.02,0.02,0.02,0.02,0.02,0.02,0.02,0.02,0.02,0.02,0.02,0.02
